Najpopularniejsze strony,Kliknięcia,Wyświetlenia,CTR,Pozycja
https://fitpo50.pl/motywacja-po-50.html,1,8,12.5%,5
https://fitpo50.pl/ai-w-medycynie-czy-naprawde-pomaga-pacjentom-fakty-badania.html,1,7,14.29%,4.29
https://fitpo50.pl/suplementacja-po-50.html,0,32,0%,41.06
https://fitpo50.pl/apob-apoa-badania-cholesterol.html,0,28,0%,10.93
https://fitpo50.pl/trening-silowy-starzenie-komorkowe-dna.html,0,19,0%,5.58
https://fitpo50.pl/dieta-keto-cholesterol-ldl-hdl-badania-naukowe.html,0,19,0%,17.89
https://fitpo50.pl/,0,11,0%,3.55
https://fitpo50.pl/wino-i-miesnie-po-50.html,0,10,0%,18.7
https://fitpo50.pl/kawa-jako-preworkout-po-50.html,0,9,0%,55.22
https://fitpo50.pl/trening-maszynowy-po-50.html,0,8,0%,8.38
https://fitpo50.pl/trening-3x30-dla-50-plus.html,0,7,0%,12.71
https://fitpo50.pl/powrot-do-formy-po-50-kompletny-przewodnik.html,0,7,0%,20.43
https://fitpo50.pl/jedz-wiecej-po-50.html,0,6,0%,72.5
https://fitpo50.pl/jak-czytac-etykiety-sklad-produktow-e-numery-inci.html,0,5,0%,20.2
https://fitpo50.pl/rentgen-tomografia-ct-rezonans-mri-roznice-badania.html,0,5,0%,57.4
https://fitpo50.pl/dieta-po-50.html,0,5,0%,57.8
https://www.fitpo50.pl/media-spolecznosciowe-po-50.html,0,4,0%,7
https://fitpo50.pl/nawodnienie-na-treningu-po-50.html,0,4,0%,21.25
https://fitpo50.pl/jedzenie.html,0,4,0%,26.5
https://fitpo50.pl/porady.html,0,3,0%,3.33
https://fitpo50.pl/post-przerywany-intermittent-fasting-po-50-korzysci-metaboliczne-ryzyko-utraty-miesni.html,0,3,0%,9.33
https://fitpo50.pl/sakady-supresja-sakadyczna-mozg-ukrywa-slepe-chwile.html,0,3,0%,9.67
https://fitpo50.pl/dyskopatia-po-50.html,0,3,0%,16.33
https://fitpo50.pl/zegar-epigenetyczny-horvatha-wiek-biologiczny-metylacja-dna.html,0,3,0%,17.33
https://fitpo50.pl/assets/pdf/kreatyna-po-50-tce-kompletny-przewodnik.pdf,0,2,0%,4.5
https://fitpo50.pl/sen-po-50.html,0,2,0%,5
https://fitpo50.pl/ciekawe.html,0,2,0%,6.5
https://fitpo50.pl/assets/pdf/peptydy-co-to-jest-rodzaje-bezpieczenstwo-po-50.pdf,0,2,0%,9
https://fitpo50.pl/assets/pdf/post-36-godzinny-co-sie-dzieje-z-cialem.pdf,0,2,0%,9
https://fitpo50.pl/healthspan-nie-lifespan-po-50.html,0,2,0%,10.5
https://fitpo50.pl/nordic-walking-jak-zaczac-technika-kije-zdrowie.html,0,2,0%,11.5
https://fitpo50.pl/dlaczego-bieznia-to-za-malo.html,0,2,0%,15.5
https://fitpo50.pl/silownia-dla-ludzi.html,0,2,0%,29.5
https://fitpo50.pl/peptydy-co-to-jest-rodzaje-bezpieczenstwo-po-50.html,0,2,0%,35.5
https://fitpo50.pl/assets/pdf/kreatyna-i-bialko-po-50-tce-jak-laczyc.pdf,0,2,0%,92.5
https://fitpo50.pl/assets/pdf/bledy-50.pdf,0,1,0%,1
https://fitpo50.pl/bledy-50.html,0,1,0%,4
https://fitpo50.pl/assets/pdf/jak-tluszcz-zamienia-sie-w-energie-biologia-spalania-tluszczu-po-50.pdf,0,1,0%,5
https://fitpo50.pl/pilates-po-50-nie-dla-kobiet.html,0,1,0%,5
https://fitpo50.pl/bieganie-niszczy-kolana.html,0,1,0%,6
https://fitpo50.pl/rusz-sie.html,0,1,0%,6
https://fitpo50.pl/waga-smart-pomiar-skladu-ciala-prawda.html,0,1,0%,7
https://fitpo50.pl/jak-tluszcz-zamienia-sie-w-energie-biologia-spalania-tluszczu-po-50.html,0,1,0%,8
https://fitpo50.pl/post-36-godzinny-co-sie-dzieje-z-cialem.html,0,1,0%,8
https://fitpo50.pl/siedzenie-po-50.html,0,1,0%,8
https://fitpo50.pl/testosteron-po-50-naturalnie-bez-trt.html,0,1,0%,10
https://fitpo50.pl/trening-silowy-eliksir-mlodosci-po-50.html,0,1,0%,10
https://fitpo50.pl/ukryty-cukier-po-50-pulapki-zdrowego-jedzenia.html,0,1,0%,12
https://fitpo50.pl/lektyny-szczawiany-fityniany-czy-sa-grozne-po-50.html,0,1,0%,62
https://fitpo50.pl/kreatyna-i-bialko-po-50-tce-jak-laczyc.html,0,1,0%,66