Najczęstsze zapytania,Kliknięcia,Wyświetlenia,CTR,Pozycja
"""wiek biologiczny"" -site:reddit.com -site:twitter.com -site:x.com 
-site:wykop.pl -site:tripadvisor.com -site:youtube.com -site:yelp.com 
-site:booking.com -site:facebook.com -site:instagram.com -site:tiktok.com",0,18,0%,5.44
kreatyna i białko,0,5,0%,76.6
kawa przed treningiem,0,5,0%,89
kreatyna po 50 tce,0,3,0%,11
badanie apoa,0,3,0%,13
białko czy kreatyna,0,3,0%,79.33
sakady,0,2,0%,8
ketoza a cholesterol,0,2,0%,47
dieta 50 50 opinie,0,2,0%,75
kreatyna czy białko,0,2,0%,81
dieta 50 50 efekty,0,2,0%,90.5
kreatyna to białko,0,2,0%,92.5
grafike daj,0,1,0%,3
"""technogym polska"" -site:reddit.com -site:twitter.com -site:x.com 
-site:wykop.pl -site:tripadvisor.com -site:youtube.com -site:yelp.com 
-site:booking.com -site:facebook.com -site:instagram.com -site:tiktok.com",0,1,0%,7
"""longevity"" -site:reddit.com -site:twitter.com -site:x.com -site:wykop.pl 
-site:tripadvisor.com -site:youtube.com -site:yelp.com -site:booking.com 
-site:facebook.com -site:instagram.com -site:tiktok.com",0,1,0%,8
dieta keto po 50 tce,0,1,0%,11
healthspan po polsku,0,1,0%,11
sakady co to,0,1,0%,13
zegar epigenetyczny,0,1,0%,29
50 podciągnięć,0,1,0%,46
fityniany,0,1,0%,62
peptyd t,0,1,0%,62
co pić na siłowni,0,1,0%,64
dieta keto a cholesterol,0,1,0%,65
kreatyna z białkiem,0,1,0%,66
rezonans magnetyczny a rentgen,0,1,0%,70
czytaj etykiety,0,1,0%,73
kreatyna a białko,0,1,0%,76
rentgen a usg,0,1,0%,84
kiedy brać kreatynę i białko,0,1,0%,85
czy kreatyna to białko,0,1,0%,87
kreatyna białko,0,1,0%,88
dieta 50 50,0,1,0%,90
tomografia a rtg,0,1,0%,99